DTD-ID,dataset_name,target_value,depth
spect_heart [0_2],spect_heart,0,2
spect_heart [0_3],spect_heart,0,3
spect_heart [0_5],spect_heart,0,5
fertility [O_2],fertility,O,2
fertility [O_3],fertility,O,3
fertility [O_5],fertility,O,5
ND_LVL_1_1_NormalDist_Random-Synthetic__2_5_10000_ [1_2],ND_LVL_1_1_NormalDist_Random-Synthetic__2_5_10000_,1,2
ND_LVL_1_1_NormalDist_Random-Synthetic__2_5_10000_ [1_3],ND_LVL_1_1_NormalDist_Random-Synthetic__2_5_10000_,1,3
ND_LVL_1_1_NormalDist_Random-Synthetic__2_5_10000_ [1_5],ND_LVL_1_1_NormalDist_Random-Synthetic__2_5_10000_,1,5
Mushroom_UCI_ [p_2],Mushroom_UCI_,p,2
Mushroom_UCI_ [p_3],Mushroom_UCI_,p,3
Mushroom_UCI_ [p_5],Mushroom_UCI_,p,5
wall24 [Slight-Right-Turn_2],wall24,Slight-Right-Turn,2
wall24 [Slight-Right-Turn_3],wall24,Slight-Right-Turn,3
wall24 [Slight-Right-Turn_5],wall24,Slight-Right-Turn,5
thyroid_allbp [increased binding protein._2],thyroid_allbp,increased binding protein.,2
thyroid_allbp [increased binding protein._3],thyroid_allbp,increased binding protein.,3
thyroid_allbp [increased binding protein._5],thyroid_allbp,increased binding protein.,5
analcatdata_creditscore [1_2],analcatdata_creditscore,1,2
analcatdata_creditscore [1_3],analcatdata_creditscore,1,3
analcatdata_creditscore [1_5],analcatdata_creditscore,1,5
primary [1_2],primary,1,2
primary [1_3],primary,1,3
primary [1_5],primary,1,5
breast_tissue_merged [car_2],breast_tissue_merged,car,2
breast_tissue_merged [car_3],breast_tissue_merged,car,3
breast_tissue_merged [car_5],breast_tissue_merged,car,5
pima [1_2],pima,1,2
pima [1_3],pima,1,3
pima [1_5],pima,1,5
Divorce [1_2],Divorce,1,2
Divorce [1_3],Divorce,1,3
Divorce [1_5],Divorce,1,5
asbestos [(3)_Above_legal_limit_2],asbestos,(3)_Above_legal_limit,2
asbestos [(3)_Above_legal_limit_3],asbestos,(3)_Above_legal_limit,3
asbestos [(3)_Above_legal_limit_5],asbestos,(3)_Above_legal_limit,5
bupa [1_2],bupa,1,2
bupa [1_3],bupa,1,3
bupa [1_5],bupa,1,5
U_LVL2_0_Uninteresting_Non-Random-Synthetic__2_5_3125_ [0_2],U_LVL2_0_Uninteresting_Non-Random-Synthetic__2_5_3125_,0,2
U_LVL2_0_Uninteresting_Non-Random-Synthetic__2_5_3125_ [0_3],U_LVL2_0_Uninteresting_Non-Random-Synthetic__2_5_3125_,0,3
U_LVL2_0_Uninteresting_Non-Random-Synthetic__2_5_3125_ [0_5],U_LVL2_0_Uninteresting_Non-Random-Synthetic__2_5_3125_,0,5
cardio3 [2_2],cardio3,2,2
cardio3 [2_3],cardio3,2,3
cardio3 [2_5],cardio3,2,5
volcanoes-d4 [3_2],volcanoes-d4,3,2
volcanoes-d4 [3_3],volcanoes-d4,3,3
volcanoes-d4 [3_5],volcanoes-d4,3,5
pitt2_3 [LONG_2],pitt2_3,LONG,2
pitt2_3 [LONG_3],pitt2_3,LONG,3
pitt2_3 [LONG_5],pitt2_3,LONG,5
grammatical_b5 [1_2],grammatical_b5,1,2
grammatical_b5 [1_3],grammatical_b5,1,3
grammatical_b5 [1_5],grammatical_b5,1,5
ED_LVL_1_2_EqualDist_Random-Synthetic__2_5_100000_ [0_2],ED_LVL_1_2_EqualDist_Random-Synthetic__2_5_100000_,0,2
ED_LVL_1_2_EqualDist_Random-Synthetic__2_5_100000_ [0_3],ED_LVL_1_2_EqualDist_Random-Synthetic__2_5_100000_,0,3
ED_LVL_1_2_EqualDist_Random-Synthetic__2_5_100000_ [0_5],ED_LVL_1_2_EqualDist_Random-Synthetic__2_5_100000_,0,5
pitt1_4 [S_2],pitt1_4,S,2
pitt1_4 [S_3],pitt1_4,S,3
pitt1_4 [S_5],pitt1_4,S,5
ND_LVL_2_3_NormalDist_Random-Synthetic__2_10_1000000_ [0_2],ND_LVL_2_3_NormalDist_Random-Synthetic__2_10_1000000_,0,2
ND_LVL_2_3_NormalDist_Random-Synthetic__2_10_1000000_ [0_3],ND_LVL_2_3_NormalDist_Random-Synthetic__2_10_1000000_,0,3
ND_LVL_2_3_NormalDist_Random-Synthetic__2_10_1000000_ [0_5],ND_LVL_2_3_NormalDist_Random-Synthetic__2_10_1000000_,0,5
gesture_va [P_2],gesture_va,P,2
gesture_va [P_3],gesture_va,P,3
gesture_va [P_5],gesture_va,P,5
connectionist_vowel [4_2],connectionist_vowel,4,2
connectionist_vowel [4_3],connectionist_vowel,4,3
connectionist_vowel [4_5],connectionist_vowel,4,5
breast_cancer_wis_pro [R_2],breast_cancer_wis_pro,R,2
breast_cancer_wis_pro [R_3],breast_cancer_wis_pro,R,3
breast_cancer_wis_pro [R_5],breast_cancer_wis_pro,R,5
diggle_table_a2 [8_2],diggle_table_a2,8,2
diggle_table_a2 [8_3],diggle_table_a2,8,3
diggle_table_a2 [8_5],diggle_table_a2,8,5
page [5_2],page,5,2
page [5_3],page,5,3
page [5_5],page,5,5
steel-plates-fault [2_2],steel-plates-fault,2,2
steel-plates-fault [2_3],steel-plates-fault,2,3
steel-plates-fault [2_5],steel-plates-fault,2,5
mechanical [4_2],mechanical,4,2
mechanical [4_3],mechanical,4,3
mechanical [4_5],mechanical,4,5
OnlineShoppersIntention [True_2],OnlineShoppersIntention,True,2
OnlineShoppersIntention [True_3],OnlineShoppersIntention,True,3
OnlineShoppersIntention [True_5],OnlineShoppersIntention,True,5
ED_LVL_2_1_EqualDist_Random-Synthetic__2_10_10000_ [1_2],ED_LVL_2_1_EqualDist_Random-Synthetic__2_10_10000_,1,2
ED_LVL_2_1_EqualDist_Random-Synthetic__2_10_10000_ [1_3],ED_LVL_2_1_EqualDist_Random-Synthetic__2_10_10000_,1,3
ED_LVL_2_1_EqualDist_Random-Synthetic__2_10_10000_ [1_5],ED_LVL_2_1_EqualDist_Random-Synthetic__2_10_10000_,1,5
glass [3_2],glass,3,2
glass [3_3],glass,3,3
glass [3_5],glass,3,5
molecular_promoter [+_2],molecular_promoter,+,2
molecular_promoter [+_3],molecular_promoter,+,3
molecular_promoter [+_5],molecular_promoter,+,5
blood [1_2],blood,1,2
blood [1_3],blood,1,3
blood [1_5],blood,1,5
weight [B_2],weight,B,2
weight [B_3],weight,B,3
weight [B_5],weight,B,5
ozone1 [1_2],ozone1,1,2
ozone1 [1_3],ozone1,1,3
ozone1 [1_5],ozone1,1,5
U_LVL2_2_Uninteresting_Non-Random-Synthetic__2_5_312500_ [0_2],U_LVL2_2_Uninteresting_Non-Random-Synthetic__2_5_312500_,0,2
U_LVL2_2_Uninteresting_Non-Random-Synthetic__2_5_312500_ [0_3],U_LVL2_2_Uninteresting_Non-Random-Synthetic__2_5_312500_,0,3
U_LVL2_2_Uninteresting_Non-Random-Synthetic__2_5_312500_ [0_5],U_LVL2_2_Uninteresting_Non-Random-Synthetic__2_5_312500_,0,5
ionosphere [b_2],ionosphere,b,2
ionosphere [b_3],ionosphere,b,3
ionosphere [b_5],ionosphere,b,5
grammatical_b7 [1_2],grammatical_b7,1,2
grammatical_b7 [1_3],grammatical_b7,1,3
grammatical_b7 [1_5],grammatical_b7,1,5
wine_quality [4_2],wine_quality,4,2
wine_quality [4_3],wine_quality,4,3
wine_quality [4_5],wine_quality,4,5
VehicleCouponRecommendation [0_2],VehicleCouponRecommendation,0,2
VehicleCouponRecommendation [0_3],VehicleCouponRecommendation,0,3
VehicleCouponRecommendation [0_5],VehicleCouponRecommendation,0,5
auto7_2 [class3_2],auto7_2,class3,2
auto7_2 [class3_3],auto7_2,class3,3
auto7_2 [class3_5],auto7_2,class3,5
wave [0_2],wave,0,2
wave [0_3],wave,0,3
wave [0_5],wave,0,5
cnae9 [4_2],cnae9,4,2
cnae9 [4_3],cnae9,4,3
cnae9 [4_5],cnae9,4,5
grammatical_a9 [1_2],grammatical_a9,1,2
grammatical_a9 [1_3],grammatical_a9,1,3
grammatical_a9 [1_5],grammatical_a9,1,5
teaching [2_2],teaching,2,2
teaching [2_3],teaching,2,3
teaching [2_5],teaching,2,5
auto6_1 [class8_2],auto6_1,class8,2
auto6_1 [class8_3],auto6_1,class8,3
auto6_1 [class8_5],auto6_1,class8,5
ED_LVL_2_4_EqualDist_Random-Synthetic__2_10_10000000_ [1_2],ED_LVL_2_4_EqualDist_Random-Synthetic__2_10_10000000_,1,2
ED_LVL_2_4_EqualDist_Random-Synthetic__2_10_10000000_ [1_3],ED_LVL_2_4_EqualDist_Random-Synthetic__2_10_10000000_,1,3
ED_LVL_2_4_EqualDist_Random-Synthetic__2_10_10000000_ [1_5],ED_LVL_2_4_EqualDist_Random-Synthetic__2_10_10000000_,1,5
ozone8 [1_2],ozone8,1,2
ozone8 [1_3],ozone8,1,3
ozone8 [1_5],ozone8,1,5
U_LVL1_4_Uninteresting_Non-Random-Synthetic__2_2_40000_ [0_2],U_LVL1_4_Uninteresting_Non-Random-Synthetic__2_2_40000_,0,2
U_LVL1_4_Uninteresting_Non-Random-Synthetic__2_2_40000_ [0_3],U_LVL1_4_Uninteresting_Non-Random-Synthetic__2_2_40000_,0,3
U_LVL1_4_Uninteresting_Non-Random-Synthetic__2_2_40000_ [0_5],U_LVL1_4_Uninteresting_Non-Random-Synthetic__2_2_40000_,0,5
bach [ C#d_2],bach, C#d,2
bach [ C#d_3],bach, C#d,3
bach [ C#d_5],bach, C#d,5
ED_LVL_3_3_EqualDist_Random-Synthetic__2_20_1000000_ [1_2],ED_LVL_3_3_EqualDist_Random-Synthetic__2_20_1000000_,1,2
ED_LVL_3_3_EqualDist_Random-Synthetic__2_20_1000000_ [1_3],ED_LVL_3_3_EqualDist_Random-Synthetic__2_20_1000000_,1,3
ED_LVL_3_3_EqualDist_Random-Synthetic__2_20_1000000_ [1_5],ED_LVL_3_3_EqualDist_Random-Synthetic__2_20_1000000_,1,5
polish_bankruptcy_1year [1_2],polish_bankruptcy_1year,1,2
polish_bankruptcy_1year [1_3],polish_bankruptcy_1year,1,3
polish_bankruptcy_1year [1_5],polish_bankruptcy_1year,1,5
coil2000 [1_2],coil2000,1,2
coil2000 [1_3],coil2000,1,3
coil2000 [1_5],coil2000,1,5
robot2 [back_col_2],robot2,back_col,2
robot2 [back_col_3],robot2,back_col,3
robot2 [back_col_5],robot2,back_col,5
EqualDist_Random-Synthetic__2_7_5349_ [1_2],EqualDist_Random-Synthetic__2_7_5349_,1,2
EqualDist_Random-Synthetic__2_7_5349_ [1_3],EqualDist_Random-Synthetic__2_7_5349_,1,3
EqualDist_Random-Synthetic__2_7_5349_ [1_5],EqualDist_Random-Synthetic__2_7_5349_,1,5
U_LVL1_1_Uninteresting_Non-Random-Synthetic__2_2_40_ [1_2],U_LVL1_1_Uninteresting_Non-Random-Synthetic__2_2_40_,1,2
U_LVL1_1_Uninteresting_Non-Random-Synthetic__2_2_40_ [1_3],U_LVL1_1_Uninteresting_Non-Random-Synthetic__2_2_40_,1,3
U_LVL1_1_Uninteresting_Non-Random-Synthetic__2_2_40_ [1_5],U_LVL1_1_Uninteresting_Non-Random-Synthetic__2_2_40_,1,5
auto6_3 [class1_2],auto6_3,class1,2
auto6_3 [class1_3],auto6_3,class1,3
auto6_3 [class1_5],auto6_3,class1,5
grammatical_b1 [1_2],grammatical_b1,1,2
grammatical_b1 [1_3],grammatical_b1,1,3
grammatical_b1 [1_5],grammatical_b1,1,5
EqualDist_Random-Synthetic__2_10_7463_ [1_2],EqualDist_Random-Synthetic__2_10_7463_,1,2
EqualDist_Random-Synthetic__2_10_7463_ [1_3],EqualDist_Random-Synthetic__2_10_7463_,1,3
EqualDist_Random-Synthetic__2_10_7463_ [1_5],EqualDist_Random-Synthetic__2_10_7463_,1,5
volcanoes-a1 [4_2],volcanoes-a1,4,2
volcanoes-a1 [4_3],volcanoes-a1,4,3
volcanoes-a1 [4_5],volcanoes-a1,4,5
vert3 [NO_2],vert3,NO,2
vert3 [NO_3],vert3,NO,3
vert3 [NO_5],vert3,NO,5
CongressionalVotingRecords_UCI_ [republican_2],CongressionalVotingRecords_UCI_,republican,2
CongressionalVotingRecords_UCI_ [republican_3],CongressionalVotingRecords_UCI_,republican,3
CongressionalVotingRecords_UCI_ [republican_5],CongressionalVotingRecords_UCI_,republican,5
pitt2_2 [WOOD_2],pitt2_2,WOOD,2
pitt2_2 [WOOD_3],pitt2_2,WOOD,3
pitt2_2 [WOOD_5],pitt2_2,WOOD,5
statlog_vehicle [opel_2],statlog_vehicle,opel,2
statlog_vehicle [opel_3],statlog_vehicle,opel,3
statlog_vehicle [opel_5],statlog_vehicle,opel,5
pitt2_1 [DECK_2],pitt2_1,DECK,2
pitt2_1 [DECK_3],pitt2_1,DECK,3
pitt2_1 [DECK_5],pitt2_1,DECK,5
grammatical_a8 [1_2],grammatical_a8,1,2
grammatical_a8 [1_3],grammatical_a8,1,3
grammatical_a8 [1_5],grammatical_a8,1,5
grammatical_a6 [1_2],grammatical_a6,1,2
grammatical_a6 [1_3],grammatical_a6,1,3
grammatical_a6 [1_5],grammatical_a6,1,5
auto6_2 [class5_2],auto6_2,class5,2
auto6_2 [class5_3],auto6_2,class5,3
auto6_2 [class5_5],auto6_2,class5,5
auto1 [class1_2],auto1,class1,2
auto1 [class1_3],auto1,class1,3
auto1 [class1_5],auto1,class1,5
ED_LVL_2_3_EqualDist_Random-Synthetic__2_10_1000000_ [1_2],ED_LVL_2_3_EqualDist_Random-Synthetic__2_10_1000000_,1,2
ED_LVL_2_3_EqualDist_Random-Synthetic__2_10_1000000_ [1_3],ED_LVL_2_3_EqualDist_Random-Synthetic__2_10_1000000_,1,3
ED_LVL_2_3_EqualDist_Random-Synthetic__2_10_1000000_ [1_5],ED_LVL_2_3_EqualDist_Random-Synthetic__2_10_1000000_,1,5
heart_cleverland [3_2],heart_cleverland,3,2
heart_cleverland [3_3],heart_cleverland,3,3
heart_cleverland [3_5],heart_cleverland,3,5
analcatdata_boxing1 [1_2],analcatdata_boxing1,1,2
analcatdata_boxing1 [1_3],analcatdata_boxing1,1,3
analcatdata_boxing1 [1_5],analcatdata_boxing1,1,5
qsar [RB_2],qsar,RB,2
qsar [RB_3],qsar,RB,3
qsar [RB_5],qsar,RB,5
internet [ad._2],internet,ad.,2
internet [ad._3],internet,ad.,3
internet [ad._5],internet,ad.,5
robot4 [normal_2],robot4,normal,2
robot4 [normal_3],robot4,normal,3
robot4 [normal_5],robot4,normal,5
mw1 [2_2],mw1,2,2
mw1 [2_3],mw1,2,3
mw1 [2_5],mw1,2,5
polish_bankruptcy_5year [1_2],polish_bankruptcy_5year,1,2
polish_bankruptcy_5year [1_3],polish_bankruptcy_5year,1,3
polish_bankruptcy_5year [1_5],polish_bankruptcy_5year,1,5
grammatical_b8 [1_2],grammatical_b8,1,2
grammatical_b8 [1_3],grammatical_b8,1,3
grammatical_b8 [1_5],grammatical_b8,1,5
ND_LVL_3_4_NormalDist_Random-Synthetic__2_20_10000000_ [0_2],ND_LVL_3_4_NormalDist_Random-Synthetic__2_20_10000000_,0,2
ND_LVL_3_4_NormalDist_Random-Synthetic__2_20_10000000_ [0_3],ND_LVL_3_4_NormalDist_Random-Synthetic__2_20_10000000_,0,3
ND_LVL_3_4_NormalDist_Random-Synthetic__2_20_10000000_ [0_5],ND_LVL_3_4_NormalDist_Random-Synthetic__2_20_10000000_,0,5
heart_va [3_2],heart_va,3,2
heart_va [3_3],heart_va,3,3
heart_va [3_5],heart_va,3,5
volcanoes-b5 [4_2],volcanoes-b5,4,2
volcanoes-b5 [4_3],volcanoes-b5,4,3
volcanoes-b5 [4_5],volcanoes-b5,4,5
wilt [w_2],wilt,w,2
wilt [w_3],wilt,w,3
wilt [w_5],wilt,w,5
ND_LVL_1_2_NormalDist_Random-Synthetic__2_5_100000_ [0_2],ND_LVL_1_2_NormalDist_Random-Synthetic__2_5_100000_,0,2
ND_LVL_1_2_NormalDist_Random-Synthetic__2_5_100000_ [0_3],ND_LVL_1_2_NormalDist_Random-Synthetic__2_5_100000_,0,3
ND_LVL_1_2_NormalDist_Random-Synthetic__2_5_100000_ [0_5],ND_LVL_1_2_NormalDist_Random-Synthetic__2_5_100000_,0,5
ED_LVL_1_1_EqualDist_Random-Synthetic__2_5_10000_ [0_2],ED_LVL_1_1_EqualDist_Random-Synthetic__2_5_10000_,0,2
ED_LVL_1_1_EqualDist_Random-Synthetic__2_5_10000_ [0_3],ED_LVL_1_1_EqualDist_Random-Synthetic__2_5_10000_,0,3
ED_LVL_1_1_EqualDist_Random-Synthetic__2_5_10000_ [0_5],ED_LVL_1_1_EqualDist_Random-Synthetic__2_5_10000_,0,5
mfeat-karhunen [8_2],mfeat-karhunen,8,2
mfeat-karhunen [8_3],mfeat-karhunen,8,3
mfeat-karhunen [8_5],mfeat-karhunen,8,5
I_LVL1_1_Interesting_Non-Random-Synthetic__2_2_40_ [1_2],I_LVL1_1_Interesting_Non-Random-Synthetic__2_2_40_,1,2
I_LVL1_1_Interesting_Non-Random-Synthetic__2_2_40_ [1_3],I_LVL1_1_Interesting_Non-Random-Synthetic__2_2_40_,1,3
I_LVL1_1_Interesting_Non-Random-Synthetic__2_2_40_ [1_5],I_LVL1_1_Interesting_Non-Random-Synthetic__2_2_40_,1,5
Iris_UCI_ [Iris-virginica_2],Iris_UCI_,Iris-virginica,2
Iris_UCI_ [Iris-virginica_3],Iris_UCI_,Iris-virginica,3
Iris_UCI_ [Iris-virginica_5],Iris_UCI_,Iris-virginica,5
I_LVL1_4_Interesting_Non-Random-Synthetic__2_2_40000_ [1_2],I_LVL1_4_Interesting_Non-Random-Synthetic__2_2_40000_,1,2
I_LVL1_4_Interesting_Non-Random-Synthetic__2_2_40000_ [1_3],I_LVL1_4_Interesting_Non-Random-Synthetic__2_2_40000_,1,3
I_LVL1_4_Interesting_Non-Random-Synthetic__2_2_40000_ [1_5],I_LVL1_4_Interesting_Non-Random-Synthetic__2_2_40000_,1,5
thyroid_ann [2_2],thyroid_ann,2,2
thyroid_ann [2_3],thyroid_ann,2,3
thyroid_ann [2_5],thyroid_ann,2,5
seeds [2_2],seeds,2,2
seeds [2_3],seeds,2,3
seeds [2_5],seeds,2,5
hv_no_noise [0_2],hv_no_noise,0,2
hv_no_noise [0_3],hv_no_noise,0,3
hv_no_noise [0_5],hv_no_noise,0,5
statlog_australian [1_2],statlog_australian,1,2
statlog_australian [1_3],statlog_australian,1,3
statlog_australian [1_5],statlog_australian,1,5
hiv_schilling [1_2],hiv_schilling,1,2
hiv_schilling [1_3],hiv_schilling,1,3
hiv_schilling [1_5],hiv_schilling,1,5
heart-long-beach [4_2],heart-long-beach,4,2
heart-long-beach [4_3],heart-long-beach,4,3
heart-long-beach [4_5],heart-long-beach,4,5
datatrieve [2_2],datatrieve,2,2
datatrieve [2_3],datatrieve,2,3
datatrieve [2_5],datatrieve,2,5
jEdit_4.0_4.2 [2_2],jEdit_4.0_4.2,2,2
jEdit_4.0_4.2 [2_3],jEdit_4.0_4.2,2,3
jEdit_4.0_4.2 [2_5],jEdit_4.0_4.2,2,5
ND_LVL_1_4_NormalDist_Random-Synthetic__2_5_10000000_ [0_2],ND_LVL_1_4_NormalDist_Random-Synthetic__2_5_10000000_,0,2
ND_LVL_1_4_NormalDist_Random-Synthetic__2_5_10000000_ [0_3],ND_LVL_1_4_NormalDist_Random-Synthetic__2_5_10000000_,0,3
ND_LVL_1_4_NormalDist_Random-Synthetic__2_5_10000000_ [0_5],ND_LVL_1_4_NormalDist_Random-Synthetic__2_5_10000000_,0,5
pitt1_2 [WOOD_2],pitt1_2,WOOD,2
pitt1_2 [WOOD_3],pitt1_2,WOOD,3
pitt1_2 [WOOD_5],pitt1_2,WOOD,5
backache [2_2],backache,2,2
backache [2_3],backache,2,3
backache [2_5],backache,2,5
ND_LVL_3_1_NormalDist_Random-Synthetic__2_20_10000_ [0_2],ND_LVL_3_1_NormalDist_Random-Synthetic__2_20_10000_,0,2
ND_LVL_3_1_NormalDist_Random-Synthetic__2_20_10000_ [0_3],ND_LVL_3_1_NormalDist_Random-Synthetic__2_20_10000_,0,3
ND_LVL_3_1_NormalDist_Random-Synthetic__2_20_10000_ [0_5],ND_LVL_3_1_NormalDist_Random-Synthetic__2_20_10000_,0,5
ED_LVL_1_3_EqualDist_Random-Synthetic__2_5_1000000_ [1_2],ED_LVL_1_3_EqualDist_Random-Synthetic__2_5_1000000_,1,2
ED_LVL_1_3_EqualDist_Random-Synthetic__2_5_1000000_ [1_3],ED_LVL_1_3_EqualDist_Random-Synthetic__2_5_1000000_,1,3
ED_LVL_1_3_EqualDist_Random-Synthetic__2_5_1000000_ [1_5],ED_LVL_1_3_EqualDist_Random-Synthetic__2_5_1000000_,1,5
thyroid_hypothyroid [hypothyroid_2],thyroid_hypothyroid,hypothyroid,2
thyroid_hypothyroid [hypothyroid_3],thyroid_hypothyroid,hypothyroid,3
thyroid_hypothyroid [hypothyroid_5],thyroid_hypothyroid,hypothyroid,5
grammatical_a3 [1_2],grammatical_a3,1,2
grammatical_a3 [1_3],grammatical_a3,1,3
grammatical_a3 [1_5],grammatical_a3,1,5
crx [positive_2],crx,positive,2
crx [positive_3],crx,positive,3
crx [positive_5],crx,positive,5
GermanCredit_UCI_ [2_2],GermanCredit_UCI_,2,2
GermanCredit_UCI_ [2_3],GermanCredit_UCI_,2,3
GermanCredit_UCI_ [2_5],GermanCredit_UCI_,2,5
pc1 [2_2],pc1,2,2
pc1 [2_3],pc1,2,3
pc1 [2_5],pc1,2,5
mfeat-pixel [8_2],mfeat-pixel,8,2
mfeat-pixel [8_3],mfeat-pixel,8,3
mfeat-pixel [8_5],mfeat-pixel,8,5
hv_noise [0_2],hv_noise,0,2
hv_noise [0_3],hv_noise,0,3
hv_noise [0_5],hv_noise,0,5
image [WINDOW_2],image,WINDOW,2
image [WINDOW_3],image,WINDOW,3
image [WINDOW_5],image,WINDOW,5
ED_LVL_1_4_EqualDist_Random-Synthetic__2_5_10000000_ [0_2],ED_LVL_1_4_EqualDist_Random-Synthetic__2_5_10000000_,0,2
ED_LVL_1_4_EqualDist_Random-Synthetic__2_5_10000000_ [0_3],ED_LVL_1_4_EqualDist_Random-Synthetic__2_5_10000000_,0,3
ED_LVL_1_4_EqualDist_Random-Synthetic__2_5_10000000_ [0_5],ED_LVL_1_4_EqualDist_Random-Synthetic__2_5_10000000_,0,5
polish_bankruptcy_4year [1_2],polish_bankruptcy_4year,1,2
polish_bankruptcy_4year [1_3],polish_bankruptcy_4year,1,3
polish_bankruptcy_4year [1_5],polish_bankruptcy_4year,1,5
lung [3_2],lung,3,2
lung [3_3],lung,3,3
lung [3_5],lung,3,5
credit [+_2],credit,+,2
credit [+_3],credit,+,3
credit [+_5],credit,+,5
lymphography [fibrosis_2],lymphography,fibrosis,2
lymphography [fibrosis_3],lymphography,fibrosis,3
lymphography [fibrosis_5],lymphography,fibrosis,5
I_LVL0_Interesting_Non-Random-Synthetic__2_4_62500_ [1_2],I_LVL0_Interesting_Non-Random-Synthetic__2_4_62500_,1,2
I_LVL0_Interesting_Non-Random-Synthetic__2_4_62500_ [1_3],I_LVL0_Interesting_Non-Random-Synthetic__2_4_62500_,1,3
I_LVL0_Interesting_Non-Random-Synthetic__2_4_62500_ [1_5],I_LVL0_Interesting_Non-Random-Synthetic__2_4_62500_,1,5
ring [0_2],ring,0,2
ring [0_3],ring,0,3
ring [0_5],ring,0,5
mc1 [2_2],mc1,2,2
mc1 [2_3],mc1,2,3
mc1 [2_5],mc1,2,5
thyroid_allhyper [goitre._2],thyroid_allhyper,goitre.,2
thyroid_allhyper [goitre._3],thyroid_allhyper,goitre.,3
thyroid_allhyper [goitre._5],thyroid_allhyper,goitre.,5
mammographics [1_2],mammographics,1,2
mammographics [1_3],mammographics,1,3
mammographics [1_5],mammographics,1,5
dresses [1_2],dresses,1,2
dresses [1_3],dresses,1,3
dresses [1_5],dresses,1,5
U_LVL1_0_Uninteresting_Non-Random-Synthetic__2_2_4_ [0_2],U_LVL1_0_Uninteresting_Non-Random-Synthetic__2_2_4_,0,2
U_LVL1_0_Uninteresting_Non-Random-Synthetic__2_2_4_ [0_3],U_LVL1_0_Uninteresting_Non-Random-Synthetic__2_2_4_,0,3
U_LVL1_0_Uninteresting_Non-Random-Synthetic__2_2_4_ [0_5],U_LVL1_0_Uninteresting_Non-Random-Synthetic__2_2_4_,0,5
thyroid_new_thyroid [2_2],thyroid_new_thyroid,2,2
thyroid_new_thyroid [2_3],thyroid_new_thyroid,2,3
thyroid_new_thyroid [2_5],thyroid_new_thyroid,2,5
Balance_UCI_ [R_2],Balance_UCI_,R,2
Balance_UCI_ [R_3],Balance_UCI_,R,3
Balance_UCI_ [R_5],Balance_UCI_,R,5
vert2 [NO_2],vert2,NO,2
vert2 [NO_3],vert2,NO,3
vert2 [NO_5],vert2,NO,5
U_LVL3_1_Uninteresting_Non-Random-Synthetic__2_7_8235430_ [0_2],U_LVL3_1_Uninteresting_Non-Random-Synthetic__2_7_8235430_,0,2
U_LVL3_1_Uninteresting_Non-Random-Synthetic__2_7_8235430_ [0_3],U_LVL3_1_Uninteresting_Non-Random-Synthetic__2_7_8235430_,0,3
U_LVL3_1_Uninteresting_Non-Random-Synthetic__2_7_8235430_ [0_5],U_LVL3_1_Uninteresting_Non-Random-Synthetic__2_7_8235430_,0,5
rmftsa_sleepdata [3_2],rmftsa_sleepdata,3,2
rmftsa_sleepdata [3_3],rmftsa_sleepdata,3,3
rmftsa_sleepdata [3_5],rmftsa_sleepdata,3,5
thoracic-surgery [1_2],thoracic-surgery,1,2
thoracic-surgery [1_3],thoracic-surgery,1,3
thoracic-surgery [1_5],thoracic-surgery,1,5
kc3 [2_2],kc3,2,2
kc3 [2_3],kc3,2,3
kc3 [2_5],kc3,2,5
tae [2_2],tae,2,2
tae [2_3],tae,2,3
tae [2_5],tae,2,5
leaf [32_2],leaf,32,2
leaf [32_3],leaf,32,3
leaf [32_5],leaf,32,5
australian [1_2],australian,1,2
australian [1_3],australian,1,3
australian [1_5],australian,1,5
dermatology [4_2],dermatology,4,2
dermatology [4_3],dermatology,4,3
dermatology [4_5],dermatology,4,5
Heart_Statlog__UCI_ [2_2],Heart_Statlog__UCI_,2,2
Heart_Statlog__UCI_ [2_3],Heart_Statlog__UCI_,2,3
Heart_Statlog__UCI_ [2_5],Heart_Statlog__UCI_,2,5
Census-Income_KDD__UCI_ [50000+_2],Census-Income_KDD__UCI_,50000+,2
Census-Income_KDD__UCI_ [50000+_3],Census-Income_KDD__UCI_,50000+,3
Census-Income_KDD__UCI_ [50000+_5],Census-Income_KDD__UCI_,50000+,5
japanese [+_2],japanese,+,2
japanese [+_3],japanese,+,3
japanese [+_5],japanese,+,5
heart_hungarian [1_2],heart_hungarian,1,2
heart_hungarian [1_3],heart_hungarian,1,3
heart_hungarian [1_5],heart_hungarian,1,5
I_LVL2_2_Interesting_Non-Random-Synthetic__2_5_312500_ [1_2],I_LVL2_2_Interesting_Non-Random-Synthetic__2_5_312500_,1,2
I_LVL2_2_Interesting_Non-Random-Synthetic__2_5_312500_ [1_3],I_LVL2_2_Interesting_Non-Random-Synthetic__2_5_312500_,1,3
I_LVL2_2_Interesting_Non-Random-Synthetic__2_5_312500_ [1_5],I_LVL2_2_Interesting_Non-Random-Synthetic__2_5_312500_,1,5
forest [h _2],forest,h ,2
forest [h _3],forest,h ,3
forest [h _5],forest,h ,5
robot5 [bottom_collision_2],robot5,bottom_collision,2
robot5 [bottom_collision_3],robot5,bottom_collision,3
robot5 [bottom_collision_5],robot5,bottom_collision,5
pen [6_2],pen,6,2
pen [6_3],pen,6,3
pen [6_5],pen,6,5
U_LVL3_0_Uninteresting_Non-Random-Synthetic__2_7_823543_ [0_2],U_LVL3_0_Uninteresting_Non-Random-Synthetic__2_7_823543_,0,2
U_LVL3_0_Uninteresting_Non-Random-Synthetic__2_7_823543_ [0_3],U_LVL3_0_Uninteresting_Non-Random-Synthetic__2_7_823543_,0,3
U_LVL3_0_Uninteresting_Non-Random-Synthetic__2_7_823543_ [0_5],U_LVL3_0_Uninteresting_Non-Random-Synthetic__2_7_823543_,0,5
robot3 [slightly_moved_2],robot3,slightly_moved,2
robot3 [slightly_moved_3],robot3,slightly_moved,3
robot3 [slightly_moved_5],robot3,slightly_moved,5
DefaultofCreditCard [1_2],DefaultofCreditCard,1,2
DefaultofCreditCard [1_3],DefaultofCreditCard,1,3
DefaultofCreditCard [1_5],DefaultofCreditCard,1,5
zoo [7_2],zoo,7,2
zoo [7_3],zoo,7,3
zoo [7_5],zoo,7,5
breast_tissue [gla_2],breast_tissue,gla,2
breast_tissue [gla_3],breast_tissue,gla,3
breast_tissue [gla_5],breast_tissue,gla,5
flare [ B_2],flare, B,2
flare [ B_3],flare, B,3
flare [ B_5],flare, B,5
banana [1_2],banana,1,2
banana [1_3],banana,1,3
banana [1_5],banana,1,5
polish_bankruptcy_2year [1_2],polish_bankruptcy_2year,1,2
polish_bankruptcy_2year [1_3],polish_bankruptcy_2year,1,3
polish_bankruptcy_2year [1_5],polish_bankruptcy_2year,1,5
polish_bankruptcy_3year [1_2],polish_bankruptcy_3year,1,2
polish_bankruptcy_3year [1_3],polish_bankruptcy_3year,1,3
polish_bankruptcy_3year [1_5],polish_bankruptcy_3year,1,5
qualitative [B_2],qualitative,B,2
qualitative [B_3],qualitative,B,3
qualitative [B_5],qualitative,B,5
mfeat-morphological [8_2],mfeat-morphological,8,2
mfeat-morphological [8_3],mfeat-morphological,8,3
mfeat-morphological [8_5],mfeat-morphological,8,5
fourclass [1_2],fourclass,1,2
fourclass [1_3],fourclass,1,3
fourclass [1_5],fourclass,1,5
liver [1_2],liver,1,2
liver [1_3],liver,1,3
liver [1_5],liver,1,5
badges2 [1_2],badges2,1,2
badges2 [1_3],badges2,1,3
badges2 [1_5],badges2,1,5
kc1-binary [1_2],kc1-binary,1,2
kc1-binary [1_3],kc1-binary,1,3
kc1-binary [1_5],kc1-binary,1,5
tao [black_2],tao,black,2
tao [black_3],tao,black,3
tao [black_5],tao,black,5
ND_LVL_2_4_NormalDist_Random-Synthetic__2_10_10000000_ [0_2],ND_LVL_2_4_NormalDist_Random-Synthetic__2_10_10000000_,0,2
ND_LVL_2_4_NormalDist_Random-Synthetic__2_10_10000000_ [0_3],ND_LVL_2_4_NormalDist_Random-Synthetic__2_10_10000000_,0,3
ND_LVL_2_4_NormalDist_Random-Synthetic__2_10_10000000_ [0_5],ND_LVL_2_4_NormalDist_Random-Synthetic__2_10_10000000_,0,5
breast_cancer_wis_pro2 [R_2],breast_cancer_wis_pro2,R,2
breast_cancer_wis_pro2 [R_3],breast_cancer_wis_pro2,R,3
breast_cancer_wis_pro2 [R_5],breast_cancer_wis_pro2,R,5
soybean_small [D3_2],soybean_small,D3,2
soybean_small [D3_3],soybean_small,D3,3
soybean_small [D3_5],soybean_small,D3,5
U_LVL1_3_Uninteresting_Non-Random-Synthetic__2_2_4000_ [0_2],U_LVL1_3_Uninteresting_Non-Random-Synthetic__2_2_4000_,0,2
U_LVL1_3_Uninteresting_Non-Random-Synthetic__2_2_4000_ [0_3],U_LVL1_3_Uninteresting_Non-Random-Synthetic__2_2_4000_,0,3
U_LVL1_3_Uninteresting_Non-Random-Synthetic__2_2_4000_ [0_5],U_LVL1_3_Uninteresting_Non-Random-Synthetic__2_2_4000_,0,5
semeion [8_2],semeion,8,2
semeion [8_3],semeion,8,3
semeion [8_5],semeion,8,5
ED_LVL_3_0_EqualDist_Random-Synthetic__2_20_1000_ [0_2],ED_LVL_3_0_EqualDist_Random-Synthetic__2_20_1000_,0,2
ED_LVL_3_0_EqualDist_Random-Synthetic__2_20_1000_ [0_3],ED_LVL_3_0_EqualDist_Random-Synthetic__2_20_1000_,0,3
ED_LVL_3_0_EqualDist_Random-Synthetic__2_20_1000_ [0_5],ED_LVL_3_0_EqualDist_Random-Synthetic__2_20_1000_,0,5
molecular_splice [IE_2],molecular_splice,IE,2
molecular_splice [IE_3],molecular_splice,IE,3
molecular_splice [IE_5],molecular_splice,IE,5
audiology_std [cochlear_noise_and_heredity_2],audiology_std,cochlear_noise_and_heredity,2
audiology_std [cochlear_noise_and_heredity_3],audiology_std,cochlear_noise_and_heredity,3
audiology_std [cochlear_noise_and_heredity_5],audiology_std,cochlear_noise_and_heredity,5
automobile [-1_2],automobile,-1,2
automobile [-1_3],automobile,-1,3
automobile [-1_5],automobile,-1,5
volcanoes-d2 [3_2],volcanoes-d2,3,2
volcanoes-d2 [3_3],volcanoes-d2,3,3
volcanoes-d2 [3_5],volcanoes-d2,3,5
grammatical_a2 [1_2],grammatical_a2,1,2
grammatical_a2 [1_3],grammatical_a2,1,3
grammatical_a2 [1_5],grammatical_a2,1,5
U_LVL2_3_Uninteresting_Non-Random-Synthetic__2_5_3125000_ [0_2],U_LVL2_3_Uninteresting_Non-Random-Synthetic__2_5_3125000_,0,2
U_LVL2_3_Uninteresting_Non-Random-Synthetic__2_5_3125000_ [0_3],U_LVL2_3_Uninteresting_Non-Random-Synthetic__2_5_3125000_,0,3
U_LVL2_3_Uninteresting_Non-Random-Synthetic__2_5_3125000_ [0_5],U_LVL2_3_Uninteresting_Non-Random-Synthetic__2_5_3125000_,0,5
analcatdata_authorship [4_2],analcatdata_authorship,4,2
analcatdata_authorship [4_3],analcatdata_authorship,4,3
analcatdata_authorship [4_5],analcatdata_authorship,4,5
I_LVL3_1_Interesting_Non-Random-Synthetic__2_7_8235430_ [1_2],I_LVL3_1_Interesting_Non-Random-Synthetic__2_7_8235430_,1,2
I_LVL3_1_Interesting_Non-Random-Synthetic__2_7_8235430_ [1_3],I_LVL3_1_Interesting_Non-Random-Synthetic__2_7_8235430_,1,3
I_LVL3_1_Interesting_Non-Random-Synthetic__2_7_8235430_ [1_5],I_LVL3_1_Interesting_Non-Random-Synthetic__2_7_8235430_,1,5
EqualDist_Random-Synthetic__2_7_8520_ [0_2],EqualDist_Random-Synthetic__2_7_8520_,0,2
EqualDist_Random-Synthetic__2_7_8520_ [0_3],EqualDist_Random-Synthetic__2_7_8520_,0,3
EqualDist_Random-Synthetic__2_7_8520_ [0_5],EqualDist_Random-Synthetic__2_7_8520_,0,5
cmc [3_2],cmc,3,2
cmc [3_3],cmc,3,3
cmc [3_5],cmc,3,5
Adult_UCI_ [>50K_2],Adult_UCI_,>50K,2
Adult_UCI_ [>50K_3],Adult_UCI_,>50K,3
Adult_UCI_ [>50K_5],Adult_UCI_,>50K,5
I_LVL1_2_Interesting_Non-Random-Synthetic__2_2_400_ [1_2],I_LVL1_2_Interesting_Non-Random-Synthetic__2_2_400_,1,2
I_LVL1_2_Interesting_Non-Random-Synthetic__2_2_400_ [1_3],I_LVL1_2_Interesting_Non-Random-Synthetic__2_2_400_,1,3
I_LVL1_2_Interesting_Non-Random-Synthetic__2_2_400_ [1_5],I_LVL1_2_Interesting_Non-Random-Synthetic__2_2_400_,1,5
monks1 [0_2],monks1,0,2
monks1 [0_3],monks1,0,3
monks1 [0_5],monks1,0,5
ND_LVL_3_0_NormalDist_Random-Synthetic__2_20_1000_ [0_2],ND_LVL_3_0_NormalDist_Random-Synthetic__2_20_1000_,0,2
ND_LVL_3_0_NormalDist_Random-Synthetic__2_20_1000_ [0_3],ND_LVL_3_0_NormalDist_Random-Synthetic__2_20_1000_,0,3
ND_LVL_3_0_NormalDist_Random-Synthetic__2_20_1000_ [0_5],ND_LVL_3_0_NormalDist_Random-Synthetic__2_20_1000_,0,5
grammatical_a1 [1_2],grammatical_a1,1,2
grammatical_a1 [1_3],grammatical_a1,1,3
grammatical_a1 [1_5],grammatical_a1,1,5
mfeat-zernike [8_2],mfeat-zernike,8,2
mfeat-zernike [8_3],mfeat-zernike,8,3
mfeat-zernike [8_5],mfeat-zernike,8,5
twonorm [1_2],twonorm,1,2
twonorm [1_3],twonorm,1,3
twonorm [1_5],twonorm,1,5
auto7_1 [class3_2],auto7_1,class3,2
auto7_1 [class3_3],auto7_1,class3,3
auto7_1 [class3_5],auto7_1,class3,5
grammatical_b4 [1_2],grammatical_b4,1,2
grammatical_b4 [1_3],grammatical_b4,1,3
grammatical_b4 [1_5],grammatical_b4,1,5
wave2 [2_2],wave2,2,2
wave2 [2_3],wave2,2,3
wave2 [2_5],wave2,2,5
volcanoes-d1 [3_2],volcanoes-d1,3,2
volcanoes-d1 [3_3],volcanoes-d1,3,3
volcanoes-d1 [3_5],volcanoes-d1,3,5
mfeat-fourier [8_2],mfeat-fourier,8,2
mfeat-fourier [8_3],mfeat-fourier,8,3
mfeat-fourier [8_5],mfeat-fourier,8,5
breast [recurrence-events_2],breast,recurrence-events,2
breast [recurrence-events_3],breast,recurrence-events,3
breast [recurrence-events_5],breast,recurrence-events,5
I_LVL2_3_Interesting_Non-Random-Synthetic__2_5_3125000_ [1_2],I_LVL2_3_Interesting_Non-Random-Synthetic__2_5_3125000_,1,2
I_LVL2_3_Interesting_Non-Random-Synthetic__2_5_3125000_ [1_3],I_LVL2_3_Interesting_Non-Random-Synthetic__2_5_3125000_,1,3
I_LVL2_3_Interesting_Non-Random-Synthetic__2_5_3125000_ [1_5],I_LVL2_3_Interesting_Non-Random-Synthetic__2_5_3125000_,1,5
U_LVL2_4_Uninteresting_Non-Random-Synthetic__2_5_31250000_ [1_2],U_LVL2_4_Uninteresting_Non-Random-Synthetic__2_5_31250000_,1,2
U_LVL2_4_Uninteresting_Non-Random-Synthetic__2_5_31250000_ [1_3],U_LVL2_4_Uninteresting_Non-Random-Synthetic__2_5_31250000_,1,3
U_LVL2_4_Uninteresting_Non-Random-Synthetic__2_5_31250000_ [1_5],U_LVL2_4_Uninteresting_Non-Random-Synthetic__2_5_31250000_,1,5
horse_colic_outcome [2_2],horse_colic_outcome,2,2
horse_colic_outcome [2_3],horse_colic_outcome,2,3
horse_colic_outcome [2_5],horse_colic_outcome,2,5
ND_LVL_2_0_NormalDist_Random-Synthetic__2_10_1000_ [1_2],ND_LVL_2_0_NormalDist_Random-Synthetic__2_10_1000_,1,2
ND_LVL_2_0_NormalDist_Random-Synthetic__2_10_1000_ [1_3],ND_LVL_2_0_NormalDist_Random-Synthetic__2_10_1000_,1,3
ND_LVL_2_0_NormalDist_Random-Synthetic__2_10_1000_ [1_5],ND_LVL_2_0_NormalDist_Random-Synthetic__2_10_1000_,1,5
wall4 [Slight-Right-Turn_2],wall4,Slight-Right-Turn,2
wall4 [Slight-Right-Turn_3],wall4,Slight-Right-Turn,3
wall4 [Slight-Right-Turn_5],wall4,Slight-Right-Turn,5
hayes [2_2],hayes,2,2
hayes [2_3],hayes,2,3
hayes [2_5],hayes,2,5
analcatdata_germangss [4_2],analcatdata_germangss,4,2
analcatdata_germangss [4_3],analcatdata_germangss,4,3
analcatdata_germangss [4_5],analcatdata_germangss,4,5
thyroid_allhypo [primary hypothyroid._2],thyroid_allhypo,primary hypothyroid.,2
thyroid_allhypo [primary hypothyroid._3],thyroid_allhypo,primary hypothyroid.,3
thyroid_allhypo [primary hypothyroid._5],thyroid_allhypo,primary hypothyroid.,5
user [High_2],user,High,2
user [High_3],user,High,3
user [High_5],user,High,5
thyroid_dis [discordant._2],thyroid_dis,discordant.,2
thyroid_dis [discordant._3],thyroid_dis,discordant.,3
thyroid_dis [discordant._5],thyroid_dis,discordant.,5
synthetic_control [4_2],synthetic_control,4,2
synthetic_control [4_3],synthetic_control,4,3
synthetic_control [4_5],synthetic_control,4,5
titanic [1_2],titanic,1,2
titanic [1_3],titanic,1,3
titanic [1_5],titanic,1,5
secom [1_2],secom,1,2
secom [1_3],secom,1,3
secom [1_5],secom,1,5
wine [1_2],wine,1,2
wine [1_3],wine,1,3
wine [1_5],wine,1,5
thyroid_allrep [overreplacement._2],thyroid_allrep,overreplacement.,2
thyroid_allrep [overreplacement._3],thyroid_allrep,overreplacement.,3
thyroid_allrep [overreplacement._5],thyroid_allrep,overreplacement.,5
post [S_2],post,S,2
post [S_3],post,S,3
post [S_5],post,S,5
human [1_2],human,1,2
human [1_3],human,1,3
human [1_5],human,1,5
connectionist_sonar [R_2],connectionist_sonar,R,2
connectionist_sonar [R_3],connectionist_sonar,R,3
connectionist_sonar [R_5],connectionist_sonar,R,5
hiv_746 [-1_2],hiv_746,-1,2
hiv_746 [-1_3],hiv_746,-1,3
hiv_746 [-1_5],hiv_746,-1,5
madelon [1_2],madelon,1,2
madelon [1_3],madelon,1,3
madelon [1_5],madelon,1,5
NormalDist_Random-Synthetic__2_14_7418_ [0_2],NormalDist_Random-Synthetic__2_14_7418_,0,2
NormalDist_Random-Synthetic__2_14_7418_ [0_3],NormalDist_Random-Synthetic__2_14_7418_,0,3
NormalDist_Random-Synthetic__2_14_7418_ [0_5],NormalDist_Random-Synthetic__2_14_7418_,0,5
led [2_2],led,2,2
led [2_3],led,2,3
led [2_5],led,2,5
ND_LVL_1_0_NormalDist_Random-Synthetic__2_5_1000_ [1_2],ND_LVL_1_0_NormalDist_Random-Synthetic__2_5_1000_,1,2
ND_LVL_1_0_NormalDist_Random-Synthetic__2_5_1000_ [1_3],ND_LVL_1_0_NormalDist_Random-Synthetic__2_5_1000_,1,3
ND_LVL_1_0_NormalDist_Random-Synthetic__2_5_1000_ [1_5],ND_LVL_1_0_NormalDist_Random-Synthetic__2_5_1000_,1,5
auto4 [class1_2],auto4,class1,2
auto4 [class1_3],auto4,class1,3
auto4 [class1_5],auto4,class1,5
Tic-Tac-ToeEndgame_UCI_ [negative_2],Tic-Tac-ToeEndgame_UCI_,negative,2
Tic-Tac-ToeEndgame_UCI_ [negative_3],Tic-Tac-ToeEndgame_UCI_,negative,3
Tic-Tac-ToeEndgame_UCI_ [negative_5],Tic-Tac-ToeEndgame_UCI_,negative,5
Covertype [7_2],Covertype,7,2
Covertype [7_3],Covertype,7,3
Covertype [7_5],Covertype,7,5
pc4 [2_2],pc4,2,2
pc4 [2_3],pc4,2,3
pc4 [2_5],pc4,2,5
ED_LVL_3_4_EqualDist_Random-Synthetic__2_20_10000000_ [0_2],ED_LVL_3_4_EqualDist_Random-Synthetic__2_20_10000000_,0,2
ED_LVL_3_4_EqualDist_Random-Synthetic__2_20_10000000_ [0_3],ED_LVL_3_4_EqualDist_Random-Synthetic__2_20_10000000_,0,3
ED_LVL_3_4_EqualDist_Random-Synthetic__2_20_10000000_ [0_5],ED_LVL_3_4_EqualDist_Random-Synthetic__2_20_10000000_,0,5
firm [1_2],firm,1,2
firm [1_3],firm,1,3
firm [1_5],firm,1,5
ND_LVL_2_2_NormalDist_Random-Synthetic__2_10_100000_ [0_2],ND_LVL_2_2_NormalDist_Random-Synthetic__2_10_100000_,0,2
ND_LVL_2_2_NormalDist_Random-Synthetic__2_10_100000_ [0_3],ND_LVL_2_2_NormalDist_Random-Synthetic__2_10_100000_,0,3
ND_LVL_2_2_NormalDist_Random-Synthetic__2_10_100000_ [0_5],ND_LVL_2_2_NormalDist_Random-Synthetic__2_10_100000_,0,5
ND_LVL_3_2_NormalDist_Random-Synthetic__2_20_100000_ [1_2],ND_LVL_3_2_NormalDist_Random-Synthetic__2_20_100000_,1,2
ND_LVL_3_2_NormalDist_Random-Synthetic__2_20_100000_ [1_3],ND_LVL_3_2_NormalDist_Random-Synthetic__2_20_100000_,1,3
ND_LVL_3_2_NormalDist_Random-Synthetic__2_20_100000_ [1_5],ND_LVL_3_2_NormalDist_Random-Synthetic__2_20_100000_,1,5
Stroke_Kaggle_ [1_2],Stroke_Kaggle_,1,2
Stroke_Kaggle_ [1_3],Stroke_Kaggle_,1,3
Stroke_Kaggle_ [1_5],Stroke_Kaggle_,1,5
spambase [1_2],spambase,1,2
spambase [1_3],spambase,1,3
spambase [1_5],spambase,1,5
echocardio [1_2],echocardio,1,2
echocardio [1_3],echocardio,1,3
echocardio [1_5],echocardio,1,5
phoneme [1_2],phoneme,1,2
phoneme [1_3],phoneme,1,3
phoneme [1_5],phoneme,1,5
texture [14_2],texture,14,2
texture [14_3],texture,14,3
texture [14_5],texture,14,5
statlog_is [7_2],statlog_is,7,2
statlog_is [7_3],statlog_is,7,3
statlog_is [7_5],statlog_is,7,5
banknote [1_2],banknote,1,2
banknote [1_3],banknote,1,3
banknote [1_5],banknote,1,5
NormalDist_Random-Synthetic__2_6_5132_ [1_2],NormalDist_Random-Synthetic__2_6_5132_,1,2
NormalDist_Random-Synthetic__2_6_5132_ [1_3],NormalDist_Random-Synthetic__2_6_5132_,1,3
NormalDist_Random-Synthetic__2_6_5132_ [1_5],NormalDist_Random-Synthetic__2_6_5132_,1,5
ilpd [2_2],ilpd,2,2
ilpd [2_3],ilpd,2,3
ilpd [2_5],ilpd,2,5
EqualDist_Random-Synthetic__2_7_7307_ [0_2],EqualDist_Random-Synthetic__2_7_7307_,0,2
EqualDist_Random-Synthetic__2_7_7307_ [0_3],EqualDist_Random-Synthetic__2_7_7307_,0,3
EqualDist_Random-Synthetic__2_7_7307_ [0_5],EqualDist_Random-Synthetic__2_7_7307_,0,5
ND_LVL_1_3_NormalDist_Random-Synthetic__2_5_1000000_ [1_2],ND_LVL_1_3_NormalDist_Random-Synthetic__2_5_1000000_,1,2
ND_LVL_1_3_NormalDist_Random-Synthetic__2_5_1000000_ [1_3],ND_LVL_1_3_NormalDist_Random-Synthetic__2_5_1000000_,1,3
ND_LVL_1_3_NormalDist_Random-Synthetic__2_5_1000000_ [1_5],ND_LVL_1_3_NormalDist_Random-Synthetic__2_5_1000000_,1,5
satimage [5_2],satimage,5,2
satimage [5_3],satimage,5,3
satimage [5_5],satimage,5,5
turkiye [11_2],turkiye,11,2
turkiye [11_3],turkiye,11,3
turkiye [11_5],turkiye,11,5
I_LVL3_0_Interesting_Non-Random-Synthetic__2_7_823543_ [1_2],I_LVL3_0_Interesting_Non-Random-Synthetic__2_7_823543_,1,2
I_LVL3_0_Interesting_Non-Random-Synthetic__2_7_823543_ [1_3],I_LVL3_0_Interesting_Non-Random-Synthetic__2_7_823543_,1,3
I_LVL3_0_Interesting_Non-Random-Synthetic__2_7_823543_ [1_5],I_LVL3_0_Interesting_Non-Random-Synthetic__2_7_823543_,1,5
auto2 [ class2_2],auto2, class2,2
auto2 [ class2_3],auto2, class2,3
auto2 [ class2_5],auto2, class2,5
oil_spill [2_2],oil_spill,2,2
oil_spill [2_3],oil_spill,2,3
oil_spill [2_5],oil_spill,2,5
DryBeans [HOROZ_2],DryBeans,HOROZ,2
DryBeans [HOROZ_3],DryBeans,HOROZ,3
DryBeans [HOROZ_5],DryBeans,HOROZ,5
spectf_heart [0_2],spectf_heart,0,2
spectf_heart [0_3],spectf_heart,0,3
spectf_heart [0_5],spectf_heart,0,5
I_LVL2_4_Interesting_Non-Random-Synthetic__2_5_31250000_ [1_2],I_LVL2_4_Interesting_Non-Random-Synthetic__2_5_31250000_,1,2
I_LVL2_4_Interesting_Non-Random-Synthetic__2_5_31250000_ [1_3],I_LVL2_4_Interesting_Non-Random-Synthetic__2_5_31250000_,1,3
I_LVL2_4_Interesting_Non-Random-Synthetic__2_5_31250000_ [1_5],I_LVL2_4_Interesting_Non-Random-Synthetic__2_5_31250000_,1,5
planning [2_2],planning,2,2
planning [2_3],planning,2,3
planning [2_5],planning,2,5
I_LVL1_3_Interesting_Non-Random-Synthetic__2_2_4000_ [1_2],I_LVL1_3_Interesting_Non-Random-Synthetic__2_2_4000_,1,2
I_LVL1_3_Interesting_Non-Random-Synthetic__2_2_4000_ [1_3],I_LVL1_3_Interesting_Non-Random-Synthetic__2_2_4000_,1,3
I_LVL1_3_Interesting_Non-Random-Synthetic__2_2_4000_ [1_5],I_LVL1_3_Interesting_Non-Random-Synthetic__2_2_4000_,1,5
trains [west_2],trains,west,2
trains [west_3],trains,west,3
trains [west_5],trains,west,5
ED_LVL_3_1_EqualDist_Random-Synthetic__2_20_10000_ [0_2],ED_LVL_3_1_EqualDist_Random-Synthetic__2_20_10000_,0,2
ED_LVL_3_1_EqualDist_Random-Synthetic__2_20_10000_ [0_3],ED_LVL_3_1_EqualDist_Random-Synthetic__2_20_10000_,0,3
ED_LVL_3_1_EqualDist_Random-Synthetic__2_20_10000_ [0_5],ED_LVL_3_1_EqualDist_Random-Synthetic__2_20_10000_,0,5
appendicitis [1_2],appendicitis,1,2
appendicitis [1_3],appendicitis,1,3
appendicitis [1_5],appendicitis,1,5
mc2 [2_2],mc2,2,2
mc2 [2_3],mc2,2,3
mc2 [2_5],mc2,2,5
breast_cancer_wis_ori [M_2],breast_cancer_wis_ori,M,2
breast_cancer_wis_ori [M_3],breast_cancer_wis_ori,M,3
breast_cancer_wis_ori [M_5],breast_cancer_wis_ori,M,5
urban [shadow _2],urban,shadow ,2
urban [shadow _3],urban,shadow ,3
urban [shadow _5],urban,shadow ,5
parkinsons [0_2],parkinsons,0,2
parkinsons [0_3],parkinsons,0,3
parkinsons [0_5],parkinsons,0,5
haberman [2_2],haberman,2,2
haberman [2_3],haberman,2,3
haberman [2_5],haberman,2,5
pitt1_3 [LONG_2],pitt1_3,LONG,2
pitt1_3 [LONG_3],pitt1_3,LONG,3
pitt1_3 [LONG_5],pitt1_3,LONG,5
NormalDist_Random-Synthetic__2_8_5616_ [0_2],NormalDist_Random-Synthetic__2_8_5616_,0,2
NormalDist_Random-Synthetic__2_8_5616_ [0_3],NormalDist_Random-Synthetic__2_8_5616_,0,3
NormalDist_Random-Synthetic__2_8_5616_ [0_5],NormalDist_Random-Synthetic__2_8_5616_,0,5
musk [2_2],musk,2,2
musk [2_3],musk,2,3
musk [2_5],musk,2,5
car [good_2],car,good,2
car [good_3],car,good,3
car [good_5],car,good,5
libras [4_2],libras,4,2
libras [4_3],libras,4,3
libras [4_5],libras,4,5
monks2 [1_2],monks2,1,2
monks2 [1_3],monks2,1,3
monks2 [1_5],monks2,1,5
onehund_tex [Acer Capillipes_2],onehund_tex,Acer Capillipes,2
onehund_tex [Acer Capillipes_3],onehund_tex,Acer Capillipes,3
onehund_tex [Acer Capillipes_5],onehund_tex,Acer Capillipes,5
grammatical_b3 [0_2],grammatical_b3,0,2
grammatical_b3 [0_3],grammatical_b3,0,3
grammatical_b3 [0_5],grammatical_b3,0,5
volcanoes-a4 [5_2],volcanoes-a4,5,2
volcanoes-a4 [5_3],volcanoes-a4,5,3
volcanoes-a4 [5_5],volcanoes-a4,5,5
chronic_kidney_disease [ckd_2],chronic_kidney_disease,ckd,2
chronic_kidney_disease [ckd_3],chronic_kidney_disease,ckd,3
chronic_kidney_disease [ckd_5],chronic_kidney_disease,ckd,5
PopularKids [2_2],PopularKids,2,2
PopularKids [2_3],PopularKids,2,3
PopularKids [2_5],PopularKids,2,5
ED_LVL_2_2_EqualDist_Random-Synthetic__2_10_100000_ [1_2],ED_LVL_2_2_EqualDist_Random-Synthetic__2_10_100000_,1,2
ED_LVL_2_2_EqualDist_Random-Synthetic__2_10_100000_ [1_3],ED_LVL_2_2_EqualDist_Random-Synthetic__2_10_100000_,1,3
ED_LVL_2_2_EqualDist_Random-Synthetic__2_10_100000_ [1_5],ED_LVL_2_2_EqualDist_Random-Synthetic__2_10_100000_,1,5
yeast [ME1_2],yeast,ME1,2
yeast [ME1_3],yeast,ME1,3
yeast [ME1_5],yeast,ME1,5
auto8 [class9_2],auto8,class9,2
auto8 [class9_3],auto8,class9,3
auto8 [class9_5],auto8,class9,5
analcatdata_dmft [1_2],analcatdata_dmft,1,2
analcatdata_dmft [1_3],analcatdata_dmft,1,3
analcatdata_dmft [1_5],analcatdata_dmft,1,5
pc2 [2_2],pc2,2,2
pc2 [2_3],pc2,2,3
pc2 [2_5],pc2,2,5
scene [2_2],scene,2,2
scene [2_3],scene,2,3
scene [2_5],scene,2,5
first [1_2],first,1,2
first [1_3],first,1,3
first [1_5],first,1,5
ecoli [om_2],ecoli,om,2
ecoli [om_3],ecoli,om,3
ecoli [om_5],ecoli,om,5
grammatical_a7 [1_2],grammatical_a7,1,2
grammatical_a7 [1_3],grammatical_a7,1,3
grammatical_a7 [1_5],grammatical_a7,1,5
ND_LVL_3_3_NormalDist_Random-Synthetic__2_20_1000000_ [0_2],ND_LVL_3_3_NormalDist_Random-Synthetic__2_20_1000000_,0,2
ND_LVL_3_3_NormalDist_Random-Synthetic__2_20_1000000_ [0_3],ND_LVL_3_3_NormalDist_Random-Synthetic__2_20_1000000_,0,3
ND_LVL_3_3_NormalDist_Random-Synthetic__2_20_1000000_ [0_5],ND_LVL_3_3_NormalDist_Random-Synthetic__2_20_1000000_,0,5
parkinson_speech [0_2],parkinson_speech,0,2
parkinson_speech [0_3],parkinson_speech,0,3
parkinson_speech [0_5],parkinson_speech,0,5
grammatical_b9 [1_2],grammatical_b9,1,2
grammatical_b9 [1_3],grammatical_b9,1,3
grammatical_b9 [1_5],grammatical_b9,1,5
climate [0_2],climate,0,2
climate [0_3],climate,0,3
climate [0_5],climate,0,5
isolet [14_2],isolet,14,2
isolet [14_3],isolet,14,3
isolet [14_5],isolet,14,5
auto7_3 [class3_2],auto7_3,class3,2
auto7_3 [class3_3],auto7_3,class3,3
auto7_3 [class3_5],auto7_3,class3,5
volcanoes-d3 [3_2],volcanoes-d3,3,2
volcanoes-d3 [3_3],volcanoes-d3,3,3
volcanoes-d3 [3_5],volcanoes-d3,3,5
Diabetic [0_2],Diabetic,0,2
Diabetic [0_3],Diabetic,0,3
Diabetic [0_5],Diabetic,0,5
ar4 [2_2],ar4,2,2
ar4 [2_3],ar4,2,3
ar4 [2_5],ar4,2,5
auto5 [ class3_2],auto5, class3,2
auto5 [ class3_3],auto5, class3,3
auto5 [ class3_5],auto5, class3,5
Chess_King-Rookvs.King-Pawn__UCI_ [nowin_2],Chess_King-Rookvs.King-Pawn__UCI_,nowin,2
Chess_King-Rookvs.King-Pawn__UCI_ [nowin_3],Chess_King-Rookvs.King-Pawn__UCI_,nowin,3
Chess_King-Rookvs.King-Pawn__UCI_ [nowin_5],Chess_King-Rookvs.King-Pawn__UCI_,nowin,5
bankruptcy [1_2],bankruptcy,1,2
bankruptcy [1_3],bankruptcy,1,3
bankruptcy [1_5],bankruptcy,1,5
onehund_sha [Acer Capillipes_2],onehund_sha,Acer Capillipes,2
onehund_sha [Acer Capillipes_3],onehund_sha,Acer Capillipes,3
onehund_sha [Acer Capillipes_5],onehund_sha,Acer Capillipes,5
pc3 [2_2],pc3,2,2
pc3 [2_3],pc3,2,3
pc3 [2_5],pc3,2,5
Marketing_EoSL_ [9_2],Marketing_EoSL_,9,2
Marketing_EoSL_ [9_3],Marketing_EoSL_,9,3
Marketing_EoSL_ [9_5],Marketing_EoSL_,9,5
I_LVL2_1_Interesting_Non-Random-Synthetic__2_5_31250_ [1_2],I_LVL2_1_Interesting_Non-Random-Synthetic__2_5_31250_,1,2
I_LVL2_1_Interesting_Non-Random-Synthetic__2_5_31250_ [1_3],I_LVL2_1_Interesting_Non-Random-Synthetic__2_5_31250_,1,3
I_LVL2_1_Interesting_Non-Random-Synthetic__2_5_31250_ [1_5],I_LVL2_1_Interesting_Non-Random-Synthetic__2_5_31250_,1,5
wpbc [R_2],wpbc,R,2
wpbc [R_3],wpbc,R,3
wpbc [R_5],wpbc,R,5
volcanoes-a3 [4_2],volcanoes-a3,4,2
volcanoes-a3 [4_3],volcanoes-a3,4,3
volcanoes-a3 [4_5],volcanoes-a3,4,5
winsconsin [4_2],winsconsin,4,2
winsconsin [4_3],winsconsin,4,3
winsconsin [4_5],winsconsin,4,5
optical [5_2],optical,5,2
optical [5_3],optical,5,3
optical [5_5],optical,5,5
NormalDist_Random-Synthetic__2_12_5886_ [0_2],NormalDist_Random-Synthetic__2_12_5886_,0,2
NormalDist_Random-Synthetic__2_12_5886_ [0_3],NormalDist_Random-Synthetic__2_12_5886_,0,3
NormalDist_Random-Synthetic__2_12_5886_ [0_5],NormalDist_Random-Synthetic__2_12_5886_,0,5
horse_colic_lesion [1_2],horse_colic_lesion,1,2
horse_colic_lesion [1_3],horse_colic_lesion,1,3
horse_colic_lesion [1_5],horse_colic_lesion,1,5
contraceptive [3_2],contraceptive,3,2
contraceptive [3_3],contraceptive,3,3
contraceptive [3_5],contraceptive,3,5
heart_switzerland [1_2],heart_switzerland,1,2
heart_switzerland [1_3],heart_switzerland,1,3
heart_switzerland [1_5],heart_switzerland,1,5
saheart [1_2],saheart,1,2
saheart [1_3],saheart,1,3
saheart [1_5],saheart,1,5
analcatdata_boxing2 [2_2],analcatdata_boxing2,2,2
analcatdata_boxing2 [2_3],analcatdata_boxing2,2,3
analcatdata_boxing2 [2_5],analcatdata_boxing2,2,5
analcatdata_lawsuit [2_2],analcatdata_lawsuit,2,2
analcatdata_lawsuit [2_3],analcatdata_lawsuit,2,3
analcatdata_lawsuit [2_5],analcatdata_lawsuit,2,5
pc1_req [2_2],pc1_req,2,2
pc1_req [2_3],pc1_req,2,3
pc1_req [2_5],pc1_req,2,5
robot1 [collision_2],robot1,collision,2
robot1 [collision_3],robot1,collision,3
robot1 [collision_5],robot1,collision,5
credit-g [1_2],credit-g,1,2
credit-g [1_3],credit-g,1,3
credit-g [1_5],credit-g,1,5
lsvt [1_2],lsvt,1,2
lsvt [1_3],lsvt,1,3
lsvt [1_5],lsvt,1,5
acute-inflammations [2_2],acute-inflammations,2,2
acute-inflammations [2_3],acute-inflammations,2,3
acute-inflammations [2_5],acute-inflammations,2,5
cardio10 [8_2],cardio10,8,2
cardio10 [8_3],cardio10,8,3
cardio10 [8_5],cardio10,8,5
phishing [-1_2],phishing,-1,2
phishing [-1_3],phishing,-1,3
phishing [-1_5],phishing,-1,5
prnn_synth [1_2],prnn_synth,1,2
prnn_synth [1_3],prnn_synth,1,3
prnn_synth [1_5],prnn_synth,1,5
mice [t-SC-s_2],mice,t-SC-s,2
mice [t-SC-s_3],mice,t-SC-s,3
mice [t-SC-s_5],mice,t-SC-s,5
U_LVL0_Uninteresting_Non-Random-Synthetic__2_4_62500_ [0_2],U_LVL0_Uninteresting_Non-Random-Synthetic__2_4_62500_,0,2
U_LVL0_Uninteresting_Non-Random-Synthetic__2_4_62500_ [0_3],U_LVL0_Uninteresting_Non-Random-Synthetic__2_4_62500_,0,3
U_LVL0_Uninteresting_Non-Random-Synthetic__2_4_62500_ [0_5],U_LVL0_Uninteresting_Non-Random-Synthetic__2_4_62500_,0,5
grammatical_a4 [1_2],grammatical_a4,1,2
grammatical_a4 [1_3],grammatical_a4,1,3
grammatical_a4 [1_5],grammatical_a4,1,5
NormalDist_Random-Synthetic__2_7_7283_ [1_2],NormalDist_Random-Synthetic__2_7_7283_,1,2
NormalDist_Random-Synthetic__2_7_7283_ [1_3],NormalDist_Random-Synthetic__2_7_7283_,1,3
NormalDist_Random-Synthetic__2_7_7283_ [1_5],NormalDist_Random-Synthetic__2_7_7283_,1,5
ND_LVL_2_1_NormalDist_Random-Synthetic__2_10_10000_ [0_2],ND_LVL_2_1_NormalDist_Random-Synthetic__2_10_10000_,0,2
ND_LVL_2_1_NormalDist_Random-Synthetic__2_10_10000_ [0_3],ND_LVL_2_1_NormalDist_Random-Synthetic__2_10_10000_,0,3
ND_LVL_2_1_NormalDist_Random-Synthetic__2_10_10000_ [0_5],ND_LVL_2_1_NormalDist_Random-Synthetic__2_10_10000_,0,5
grammatical_b2 [1_2],grammatical_b2,1,2
grammatical_b2 [1_3],grammatical_b2,1,3
grammatical_b2 [1_5],grammatical_b2,1,5
ED_LVL_2_0_EqualDist_Random-Synthetic__2_10_1000_ [1_2],ED_LVL_2_0_EqualDist_Random-Synthetic__2_10_1000_,1,2
ED_LVL_2_0_EqualDist_Random-Synthetic__2_10_1000_ [1_3],ED_LVL_2_0_EqualDist_Random-Synthetic__2_10_1000_,1,3
ED_LVL_2_0_EqualDist_Random-Synthetic__2_10_1000_ [1_5],ED_LVL_2_0_EqualDist_Random-Synthetic__2_10_1000_,1,5
grammatical_b6 [1_2],grammatical_b6,1,2
grammatical_b6 [1_3],grammatical_b6,1,3
grammatical_b6 [1_5],grammatical_b6,1,5
I_LVL2_0_Interesting_Non-Random-Synthetic__2_5_3125_ [1_2],I_LVL2_0_Interesting_Non-Random-Synthetic__2_5_3125_,1,2
I_LVL2_0_Interesting_Non-Random-Synthetic__2_5_3125_ [1_3],I_LVL2_0_Interesting_Non-Random-Synthetic__2_5_3125_,1,3
I_LVL2_0_Interesting_Non-Random-Synthetic__2_5_3125_ [1_5],I_LVL2_0_Interesting_Non-Random-Synthetic__2_5_3125_,1,5
gesture_raw [Preparation_2],gesture_raw,Preparation,2
gesture_raw [Preparation_3],gesture_raw,Preparation,3
gesture_raw [Preparation_5],gesture_raw,Preparation,5
monks3 [0_2],monks3,0,2
monks3 [0_3],monks3,0,3
monks3 [0_5],monks3,0,5
I_LVL1_0_Interesting_Non-Random-Synthetic__2_2_4_ [1_2],I_LVL1_0_Interesting_Non-Random-Synthetic__2_2_4_,1,2
I_LVL1_0_Interesting_Non-Random-Synthetic__2_2_4_ [1_3],I_LVL1_0_Interesting_Non-Random-Synthetic__2_2_4_,1,3
I_LVL1_0_Interesting_Non-Random-Synthetic__2_2_4_ [1_5],I_LVL1_0_Interesting_Non-Random-Synthetic__2_2_4_,1,5
wall2 [Slight-Right-Turn_2],wall2,Slight-Right-Turn,2
wall2 [Slight-Right-Turn_3],wall2,Slight-Right-Turn,3
wall2 [Slight-Right-Turn_5],wall2,Slight-Right-Turn,5
abalone [1_2],abalone,1,2
abalone [1_3],abalone,1,3
abalone [1_5],abalone,1,5
wholesale [2_2],wholesale,2,2
wholesale [2_3],wholesale,2,3
wholesale [2_5],wholesale,2,5
soybean_large [purple-seed-stain_2],soybean_large,purple-seed-stain,2
soybean_large [purple-seed-stain_3],soybean_large,purple-seed-stain,3
soybean_large [purple-seed-stain_5],soybean_large,purple-seed-stain,5
U_LVL2_1_Uninteresting_Non-Random-Synthetic__2_5_31250_ [0_2],U_LVL2_1_Uninteresting_Non-Random-Synthetic__2_5_31250_,0,2
U_LVL2_1_Uninteresting_Non-Random-Synthetic__2_5_31250_ [0_3],U_LVL2_1_Uninteresting_Non-Random-Synthetic__2_5_31250_,0,3
U_LVL2_1_Uninteresting_Non-Random-Synthetic__2_5_31250_ [0_5],U_LVL2_1_Uninteresting_Non-Random-Synthetic__2_5_31250_,0,5
onehund_mar [Acer Capillipes_2],onehund_mar,Acer Capillipes,2
onehund_mar [Acer Capillipes_3],onehund_mar,Acer Capillipes,3
onehund_mar [Acer Capillipes_5],onehund_mar,Acer Capillipes,5
jEdit_4.2_4.3 [1_2],jEdit_4.2_4.3,1,2
jEdit_4.2_4.3 [1_3],jEdit_4.2_4.3,1,3
jEdit_4.2_4.3 [1_5],jEdit_4.2_4.3,1,5
hiv_impens [1_2],hiv_impens,1,2
hiv_impens [1_3],hiv_impens,1,3
hiv_impens [1_5],hiv_impens,1,5
abalone_ori [18_2],abalone_ori,18,2
abalone_ori [18_3],abalone_ori,18,3
abalone_ori [18_5],abalone_ori,18,5
ada_agnostic [2_2],ada_agnostic,2,2
ada_agnostic [2_3],ada_agnostic,2,3
ada_agnostic [2_5],ada_agnostic,2,5
pitt1_1 [DECK_2],pitt1_1,DECK,2
pitt1_1 [DECK_3],pitt1_1,DECK,3
pitt1_1 [DECK_5],pitt1_1,DECK,5
hiv_1625 [1_2],hiv_1625,1,2
hiv_1625 [1_3],hiv_1625,1,3
hiv_1625 [1_5],hiv_1625,1,5
mfeat-factors [7_2],mfeat-factors,7,2
mfeat-factors [7_3],mfeat-factors,7,3
mfeat-factors [7_5],mfeat-factors,7,5
ED_LVL_1_0_EqualDist_Random-Synthetic__2_5_1000_ [0_2],ED_LVL_1_0_EqualDist_Random-Synthetic__2_5_1000_,0,2
ED_LVL_1_0_EqualDist_Random-Synthetic__2_5_1000_ [0_3],ED_LVL_1_0_EqualDist_Random-Synthetic__2_5_1000_,0,3
ED_LVL_1_0_EqualDist_Random-Synthetic__2_5_1000_ [0_5],ED_LVL_1_0_EqualDist_Random-Synthetic__2_5_1000_,0,5
ED_LVL_3_2_EqualDist_Random-Synthetic__2_20_100000_ [1_2],ED_LVL_3_2_EqualDist_Random-Synthetic__2_20_100000_,1,2
ED_LVL_3_2_EqualDist_Random-Synthetic__2_20_100000_ [1_3],ED_LVL_3_2_EqualDist_Random-Synthetic__2_20_100000_,1,3
ED_LVL_3_2_EqualDist_Random-Synthetic__2_20_100000_ [1_5],ED_LVL_3_2_EqualDist_Random-Synthetic__2_20_100000_,1,5
Seismic-Bumps_UCI_ [1_2],Seismic-Bumps_UCI_,1,2
Seismic-Bumps_UCI_ [1_3],Seismic-Bumps_UCI_,1,3
Seismic-Bumps_UCI_ [1_5],Seismic-Bumps_UCI_,1,5
pitt2_4 [S_2],pitt2_4,S,2
pitt2_4 [S_3],pitt2_4,S,3
pitt2_4 [S_5],pitt2_4,S,5
lenses [softCL_2],lenses,softCL,2
lenses [softCL_3],lenses,softCL,3
lenses [softCL_5],lenses,softCL,5
statlog_ls [5_2],statlog_ls,5,2
statlog_ls [5_3],statlog_ls,5,3
statlog_ls [5_5],statlog_ls,5,5
EqualDist_Random-Synthetic__2_14_5644_ [1_2],EqualDist_Random-Synthetic__2_14_5644_,1,2
EqualDist_Random-Synthetic__2_14_5644_ [1_3],EqualDist_Random-Synthetic__2_14_5644_,1,3
EqualDist_Random-Synthetic__2_14_5644_ [1_5],EqualDist_Random-Synthetic__2_14_5644_,1,5
thyroid_sick [sick._2],thyroid_sick,sick.,2
thyroid_sick [sick._3],thyroid_sick,sick.,3
thyroid_sick [sick._5],thyroid_sick,sick.,5
BreastCancerWisconsin_UCI_ [4_2],BreastCancerWisconsin_UCI_,4,2
BreastCancerWisconsin_UCI_ [4_3],BreastCancerWisconsin_UCI_,4,3
BreastCancerWisconsin_UCI_ [4_5],BreastCancerWisconsin_UCI_,4,5
pamap2 [1_2],pamap2,1,2
pamap2 [1_3],pamap2,1,3
pamap2 [1_5],pamap2,1,5
U_LVL1_2_Uninteresting_Non-Random-Synthetic__2_2_400_ [1_2],U_LVL1_2_Uninteresting_Non-Random-Synthetic__2_2_400_,1,2
U_LVL1_2_Uninteresting_Non-Random-Synthetic__2_2_400_ [1_3],U_LVL1_2_Uninteresting_Non-Random-Synthetic__2_2_400_,1,3
U_LVL1_2_Uninteresting_Non-Random-Synthetic__2_2_400_ [1_5],U_LVL1_2_Uninteresting_Non-Random-Synthetic__2_2_400_,1,5
visualizing_livestock [4_2],visualizing_livestock,4,2
visualizing_livestock [4_3],visualizing_livestock,4,3
visualizing_livestock [4_5],visualizing_livestock,4,5
volcanoes-a2 [4_2],volcanoes-a2,4,2
volcanoes-a2 [4_3],volcanoes-a2,4,3
volcanoes-a2 [4_5],volcanoes-a2,4,5
blogger [no_2],blogger,no,2
blogger [no_3],blogger,no,3
blogger [no_5],blogger,no,5
grammatical_a5 [1_2],grammatical_a5,1,2
grammatical_a5 [1_3],grammatical_a5,1,3
grammatical_a5 [1_5],grammatical_a5,1,5
prnn_crabs [1_2],prnn_crabs,1,2
prnn_crabs [1_3],prnn_crabs,1,3
prnn_crabs [1_5],prnn_crabs,1,5
hepatitis [1_2],hepatitis,1,2
hepatitis [1_3],hepatitis,1,3
hepatitis [1_5],hepatitis,1,5
